Source,Target
genereaux2019 HarleyRouda,
HarleyRouda eqtr8er,
HarleyRouda RedReader5252,
HarleyRouda davidpsdem,
HarleyRouda SuMoh7,
HarleyRouda GVForsyth,
HarleyRouda janggolan,
HarleyRouda JuliaKGeorge,
HarleyRouda HBnole,
HarleyRouda bjcrochet,
HarleyRouda BetteKayOR,
HarleyRouda All435Reps,
HarleyRouda 333Cassandra,
HarleyRouda bloolee98,
HarleyRouda RichardLBond1,
HarleyRouda mitchellscomet,
HarleyRouda kristine_kenyon,
HarleyRouda travelingalexis,
HarleyRouda HarleyVicQuinn,
HarleyRouda BKiddo0725,
HarleyRouda SocialCivility,
HarleyRouda socallance,
HarleyRouda marymredoutey,
john71818040 TOOEdit,
TOOEdit JoneveMcCormick,
TOOEdit PanicScare,
TOOEdit groyp6,
TOOEdit ProDefamation,
TOOEdit Art_Allm,
TOOEdit ancestralgriev1,
TOOEdit Zioinfiltration,
CarrieHKelly OCDAToddSpitzer,
CarrieHKelly msicefan,
OCDAToddSpitzer RigoReporting,
OCDAToddSpitzer Rolandvanking,
OCDAToddSpitzer G2G_Wavey,
OCDAToddSpitzer TheDiegoOrtega,
OCDAToddSpitzer camanowa,
OCDAToddSpitzer dlp59801,
OCDAToddSpitzer 1Marsha9988,
OCDAToddSpitzer DianneMChilds03,
OCDAToddSpitzer LindaClendennen,
OCDAToddSpitzer kelzmatelz,
OCDAToddSpitzer hufco60,
OCDAToddSpitzer AmberP__,
OCDAToddSpitzer TheGreatFeather,
OCDAToddSpitzer LGKITTEN,
OCDAToddSpitzer MargotCult45n46,
OCDAToddSpitzer ASylvie7,
OCDAToddSpitzer ActualDM,
OCDAToddSpitzer robdetf,
OCDAToddSpitzer LitlemissDotty,
OCDAToddSpitzer partynxs,
OCDAToddSpitzer pjgirl74,
OCDAToddSpitzer Nunya1230,
OCDAToddSpitzer JaneneSimon10,
OCDAToddSpitzer EsmeOh96,
OCDAToddSpitzer socialpower,
OCDAToddSpitzer evelynj_45,
OCDAToddSpitzer moby_c43,
OCDAToddSpitzer princessvivvian,
OCDAToddSpitzer janicecampos_,
OCDAToddSpitzer alma49451161,
OCDAToddSpitzer kristipuhl,
OCDAToddSpitzer MissinginCalif,
OCDAToddSpitzer andreamontillaa,
OCDAToddSpitzer briannamariee,
OCDAToddSpitzer DavidSM_24,
OCDAToddSpitzer xrod99,
OCDAToddSpitzer eneiraaa,
OCDAToddSpitzer _BrittanyMun,
OCDAToddSpitzer maverickgangg,
OCDAToddSpitzer 92_kherrera,
OCDAToddSpitzer SantaAnaPD,
OCDAToddSpitzer captaindaveyp,
OCDAToddSpitzer ABC7JulieSone,
OCDAToddSpitzer BrittneyMB21,
OCDAToddSpitzer WaymakersOC,
drmaggiesa ArrghPaine,
ArrghPaine francie57,
ArrghPaine Gypsy_Magic1,
ArrghPaine mc1748,
ArrghPaine Olibabba,
ArrghPaine RichNj5,
ArrghPaine lula_reh,
ArrghPaine thirst4music,
ArrghPaine ypsiradio,
ArrghPaine KelliSmith15,
ArrghPaine jscandiffwow,
ArrghPaine fotogem,
ArrghPaine renzloh,
ArrghPaine tksarasara,
ArrghPaine tadrow,
ArrghPaine BMissy,
ArrghPaine Mrsjagray,
ArrghPaine DeborahSimmel,
megagamer5 cityofbrea,
cityofbrea EvanCarey86,
cityofbrea BreaPD,
cityofbrea msicefan,
cityofbrea ARobertSilva,
cityofbrea BreaEM,
cityofbrea sarno456,
cityofbrea milfvolcom,
cityofbrea davidmartinson,
DejavuQ17 usofnae,
usofnae ATVs4me,
usofnae Ncdsun,
usofnae PaulaZ16,
usofnae NaciremaRadar,
usofnae Riskographer2,
usofnae William84607719,
usofnae zee38817978,
usofnae phfarrar1,
usofnae PatriotANNon,
usofnae Punish4Q,
debbie_marney41 MyBigRedTruck,
MyBigRedTruck dk1821dk,
MyBigRedTruck isabellabc,
MyBigRedTruck BobSnyd50293894,
MyBigRedTruck TenTinyTweets,
MyBigRedTruck JoyMitc12712055,
MyBigRedTruck Diana80582015,
MyBigRedTruck dcurtis10,
MyBigRedTruck fxmct71,
MyBigRedTruck Bhold3531,
MyBigRedTruck imthesongbirdy,
MyBigRedTruck TrumpGrill,
MyBigRedTruck MsCarolynColvin,
MyBigRedTruck MyBigRedTruck,
YouCanFoolMost shawniedw2,
YouCanFoolMost NoSpunZone,
shawniedw2 AnassaMemmo,
shawniedw2 RealTwitish,
EvanCarey86 City_of_Irvine,
00sh4a_ ClickThatFollow,
ClickThatFollow DujjAT,
ClickThatFollow Boyingtonfr,
ClickThatFollow genuineyes,
ClickThatFollow Am_muhairi,
ClickThatFollow pakmee,
ClickThatFollow favvvvma,
ClickThatFollow sayhello,
ClickThatFollow JacksBurner,
ClickThatFollow 3abm_,
ClickThatFollow zezoghandurah,
ClickThatFollow Yasminmn_,
ClickThatFollow ChubberGuard,
ClickThatFollow abdulrhmanmas,
ClickThatFollow 7omoudrajab,
ClickThatFollow danielford77,
ClickThatFollow spaekman,
ClickThatFollow ChadDavis_1992,
ClickThatFollow thisiskwangg,
ClickThatFollow 0llyMelancholy,
ClickThatFollow BluePicker90,
ClickThatFollow vjradiance,
ClickThatFollow geryfesalvo,
ClickThatFollow Aaron_____Davis,
ClickThatFollow Christo50881821,
ClickThatFollow maggiejuang1,
ClickThatFollow rf_hypatia,
ClickThatFollow JoshHoltz7,
ClickThatFollow bebi_lovely,
ClickThatFollow PattyWitrado,
ClickThatFollow Scrrubsss,
ClickThatFollow Xarathos,
ClickThatFollow divinestride,
ClickThatFollow cryptoyogi108,
ClickThatFollow KarylynParsons,
ClickThatFollow DemetriusDjc,
ClickThatFollow hapapanda_,
ClickThatFollow NishaniAlways,
ClickThatFollow TammyBl06054784,
ClickThatFollow ArayAromaz,
ClickThatFollow godzillo_,
ClickThatFollow FromTheShadow16,
ClickThatFollow schristine2315,
ClickThatFollow ArnesonGuides,
ClickThatFollow LcvPw,
ClickThatFollow FbayareaS,
ClickThatFollow danielwhelan,
ClickThatFollow Rogerma46478074,
ClickThatFollow spmarx,
ClickThatFollow MantraToday,
ClickThatFollow yangabbard,
ClickThatFollow Chandlergt,
ClickThatFollow HankAnd96259025,
ClickThatFollow 326kanav,
ClickThatFollow ToroDelMar1,
ClickThatFollow Hebrewsaurusre1,
ClickThatFollow vanguardreview,
ClickThatFollow badjulio,
ClickThatFollow austinm419,
ClickThatFollow CaptnAtheist,
ClickThatFollow Emsatthedisco,
ClickThatFollow sloppyjoehotdog,
ClickThatFollow KamWah888,
StJohnBoscoHS boscofootball,
StJohnBoscoHS BRADWOOMER,
StJohnBoscoHS Coach_Chris1,
StJohnBoscoHS SJBwrestling,
StJohnBoscoHS SJBBraveNews,
StJohnBoscoHS JacobNegro,
StJohnBoscoHS CoachDunn10,
StJohnBoscoHS sjbathletics,
StJohnBoscoHS MakinHogs,
StJohnBoscoHS CGFlores8,
StJohnBoscoHS Coach_JJHall,
boscofootball BoscoBaseball,
boscofootball HarryandC5,
boscofootball Coach_JJHall,
boscofootball BRADWOOMER,
boscofootball Coach_Chris1,
timherriage ricksharga,
JoseyWales55 TruthObserver99,
TruthObserver99 LivePDFanGrl5,
NaattuVarthakal TheSCANFndtn,
NaattuVarthakal TrevorGriffey,
NaattuVarthakal alexsapps,
TheSCANFndtn Dr_Gretch,
TheSCANFndtn SeniorTypes,
TheSCANFndtn InaJaffeNPR,
TheSCANFndtn NORCNews,
TheSCANFndtn HollywdHealth,
TheSCANFndtn DrJasonLee,
TheSCANFndtn johnahartford,
TheSCANFndtn posttaseniors,
TheSCANFndtn FamDocDon,
TheSCANFndtn DrAnkurB,
TheSCANFndtn AdiraFound,
TheSCANFndtn CentersSenior,
TheSCANFndtn SFTechCouncil,
TheSCANFndtn capolenick,
TheSCANFndtn iamamyherr,
TheSCANFndtn MaryDNaylor,
TheSCANFndtn PennNCTH,
TheSCANFndtn The_PPAL,
TheSCANFndtn DrBruce_TSF,
TheSCANFndtn MichaelWinship,
TheSCANFndtn ThatVDOVault,
TheSCANFndtn Yoloaging,
TheSCANFndtn WestHealth,
TheSCANFndtn shelleylyford,
TheSCANFndtn mari_nicholson,
Dr_Gretch amymyork2,
Dr_Gretch iamamyherr,
harrisonplam UCIrvineSOM,
UCIrvineSOM UCIrvineSurgery,
UCIrvineSOM ucinursing,
derrickmiracl TalonMarks,
TalonMarks CityofNorwalkCA,
TalonMarks Rocio_Valdez1,
TalonMarks KiannaZnika,
carajito001 RichardJosephH3,
RichardJosephH3 _AmandaAshley,
RichardJosephH3 boplj,
RichardJosephH3 e_nterdiscipl,
CityofNorwalkCA SELACOWIB,
conga81 conga81,
conga81 mseme1128,
conga81 Mary73133324,
conga81 Emj0ii,
conga81 robin5362,
conga81 sammonford,
conga81 VJD364,
conga81 mdt4129,
conga81 Thumper13808089,
conga81 MichaelGreens12,
conga81 58Kate,
ucinursing UCIrvineHealth,
ucinursing ucipeds,
UCIrvineHealth ucipeds,
UCIrvineHealth UCI_OVCHA,
UCIrvineHealth _BrittanyMun,
UCIrvineHealth ucimath,
UCIrvineHealth UCIrvine,
UCIrvineHealth nowvoyagertravl,
UCIrvineHealth CoyoteDucks54,
UCIrvineHealth q22q17,
UCIrvineHealth GoDucks910,
Csomethingelse RepBarragan,
RepBarragan PoliticalBee,
RepBarragan MesMitch,
RepBarragan SLT_3,
RepBarragan tomasrabago1,
RepBarragan EnergyCommerce,
RepBarragan DanLimmert,
RepBarragan delgadodaphne,
RepBarragan DaraLieb,
RepBarragan minter01,
RepBarragan Evcoc54,
RepBarragan clandersen,
RepBarragan UniteBlue,
RepBarragan joy31608,
RepBarragan All435Reps,
RepBarragan oregon_zoe,
RepBarragan pelon_0914,
RepBarragan BusyBes,
RepBarragan CocoaSwann,
RepBarragan RepBonnie,
RepBarragan Djama18291981,
RepBarragan JanuaryHandl,
RepBarragan SpoaSteph,
RepBarragan juant_info,
RepBarragan DahHipster,
RepBarragan IMPEACH_putin,
RepBarragan JuanHinojosAZ,
RepBarragan sabinenamba,
RepBarragan dumpbloatus,
RepBarragan eeyoresmother,
RepBarragan Viccimn,
RepBarragan chelbeans,
RepBarragan aliskander81,
RepBarragan AhnJungGeun888,
RepBarragan IncanSusan,
RepBarragan MelindaTolley,
RepBarragan JaymieRose,
RepBarragan JakeSpectre89,
RepBarragan LucyMFel,
RepBarragan Violetkim,
RepBarragan Blur15357148,
RepBarragan RepBobbyRush,
RepBarragan DavidOCarterCA,
RepBarragan prime_bee,
RepBarragan RepBarragan,
RepBarragan penndragonArt,
RepBarragan Chercher08,
RepBarragan m0nicuuhh,
RepBarragan DefendOurFuture,
RepBarragan JHF719,
RepBarragan ecowarrior350,
RepBarragan SEEC,
RepBarragan dwatchnews,
RepBarragan harviolet,
RepBarragan AnnaMHargrave,
RepBarragan pinky_or_brain,
RepBarragan SayHere1st_Last,
RepBarragan MattDernoga,
RepBarragan Starbright489,
mssdarling DLBA,
DLBA Valhalla4ever,
DLBA LongBeachPost,
DLBA ILoveGayLB,
bryantmegan90 11HealthandTech,
bryantmegan90 CoachesPatient,
11HealthandTech Danagarber3,
jstpwalsh CU_Wilkinson,
CU_Wilkinson AMLeahy,
personalmtghelp CoreLogicInc,
CoreLogicInc NabiUH,
CoreLogicInc RecruiterChuck,
CoreLogicInc andrewavargas,
CoreLogicInc ugetmade,
CoreLogicInc JohnEBell3,
CoreLogicInc Matt_Huff_,
SBDCLosAngeles CSULB_IIE,
deborahydro alexucimartinez,
alexucimartinez vesta_afzali,
alexucimartinez EarthEngineBot,
michellemseyler ClueJustice,
ClueJustice socalcosh,
DeNeeCee pHDentalinc,
jill_magnussen baski_LA,
baski_LA rwang0,
baski_LA achyutaghosh,
All435Reps katieporteroc,
All435Reps RepGilCisneros,
triciarodewald REGENESISEnviro,
fortivus virtualgraffiti,
virtualgraffiti CyberSecurityN8,
virtualgraffiti sectest9,
MarleneStillwe2 Clippers89,
CityBellflower SELACOWIB,
IrascibleProf doctormark2,
CEWargames ebphoto,
lockdown_times DrFeliceGersh,
DrFeliceGersh dteb16,
Soundtrack_Pro tjkeenan,
jacobu newportbchindy,
newportbchindy UllmanSails,
newportbchindy ONeill4Newport,
joelsax47 joelsax47,
joelsax47 texaswinehouse,
joelsax47 DmitryLysenko3,
joelsax47 LivingEos,
joelsax47 oasisbill,
joelsax47 njuniterip,
joelsax47 Simon_A_Wood,
joelsax47 bjpage1,
joelsax47 shumate_geneva,
joelsax47 DVanHook822,
joelsax47 believeinxfiles,
joelsax47 the_texasbob,
joelsax47 mizziamy,
joelsax47 EmperorNorton,
lbpd_volunteers LBHealthDept,
LBHealthDept LBDisasterPrep,
LBHealthDept Southland_CU,
LBHealthDept JRsagittarius,
LBHealthDept McBealism1024,
LBHealthDept longbeachcall,
LBHealthDept natalierdrgzxx,
LBHealthDept LBTV3,
LBHealthDept yjmpix,
LBHealthDept AlvcaKris,
LBHealthDept RoseParkLB,
LBHealthDept jrentro7,
LBHealthDept NerdFajuto,
LBHealthDept KirkNason,
LBHealthDept LBMayorsFund4Ed,
LBHealthDept lara_adam_m,
LBHealthDept hzlalice,
LBHealthDept bames_jrolin,
LBHealthDept LongBeachCity,
LBHealthDept PhoenixArielle,
LBHealthDept AGuzmanLopez,
LBHealthDept LBSchoolNurses,
LBHealthDept Mrsjayknee,
LBHealthDept CounselorHamlet,
GaryC23619095 collegecents,
collegecents ReutersBiz,
collegecents LaurenYoung,
collegecents AppelquistP,
AmCulturePod AmCulturePod,
HouseInstitute DrStephaniRose,
principaldev _prncp_,
tomasrabago1 LBEconDev,
tomasrabago1 LongBeachMayor,
tomasrabago1 SupJaniceHahn,
tomasrabago1 RobertGarciaLB,
MACStudiosCO compassionKarm1,
compassionKarm1 PaulineLancas18,
compassionKarm1 Placebo90511492,
KatrinaNiesen LOindividualize,
KBesinque ChapmanPharmacy,
ChapmanPharmacy AACPharmacy,
ChapmanPharmacy Pharm4Me,
ChapmanPharmacy ChapmanGRAdmit,
ChapmanPharmacy Ron_Jordan,
ChapmanPharmacy mikesbkelly,
IQMSERP LouisColumbus,
LouisColumbus CynjaChaseC,
thinkshift doinggood_works,
doinggood_works looptworks,
CyberSecurityN8 CISOSHARE,
sectest9 CISOSHARE,
_BrittanyMun UCI_OVCHA,
UCI_OVCHA ucipeds,
JennyAGold bjwolfson,
BlinstrubJ IUSD,
IUSD daybird77,
IUSD IHSVaqueros,
IUSD DrBrentFreeze,
IUSD jwilliamsiusd,
_prettyasslina kittyb0o,
DisneyDuder vfradio,
CardboardEdison Dan_NinjaStar,
TheCoolHipMom PacificMMC,
billy75006906 JediCharmedOne,
sacunning sacunning,
Kpots27 Kpots27,
PlaneSpotIsCool skyhi,
anushigus Kimburly_K,
Kimburly_K _CraigR,
Kimburly_K Happyjam5,
Kimburly_K Kimburly_K,
cuieagles ConcordiaIrvine,
ConcordiaIrvine BenRosehart,
ConcordiaIrvine dr_karge,
dorman_casey ReviewLost,
LovelyNutella1 BayaaMD,
BayaaMD Drjacob123,
BayaaMD waqaskhan357,
BayaaMD MedRevenue,
BayaaMD Marina__Haque,
BayaaMD marriedtomedsc1,
BayaaMD murtezashah,
BayaaMD UnmatchedMD,
BayaaMD MedEdBot,
BayaaMD RelfaMaria,
BayaaMD estherpmd,
CurrusRx PrescribeWell,
PrescribeWell PharmacistsfHL,
CarmenW61208612 RiseUpFdn,
RiseUpFdn NAlston9,
RiseUpFdn HHAlexanderSC,
RiseUpFdn Riseup226,
RiseUpFdn FlamingGary,
RiseUpFdn asiermah,
RiseUpFdn reneedora,
RiseUpFdn McewenNycole,
RiseUpFdn NBCTinTraining,
RiseUpFdn KASMOM24,
RiseUpFdn mswright247,
RiseUpFdn HerreraClass,
RiseUpFdn AliKirchberger,
RiseUpFdn jferraro5,
RiseUpFdn ginaparnell,
RiseUpFdn awesometeach3,
RiseUpFdn elemteach3r,
RiseUpFdn jetwoman29,
RiseUpFdn Sandramoyer10,
RiseUpFdn KimHarding5,
RiseUpFdn MrsV4nd3r,
RiseUpFdn DjBarrettCruz,
RiseUpFdn Laura15Edwards,
RiseUpFdn iteach1stDL,
RiseUpFdn hadleyh98,
RiseUpFdn CMcLain2,
RiseUpFdn GrowingMindsSC,
RiseUpFdn Smreed81,
RiseUpFdn MrSalazar_4th,
RiseUpFdn _vanes_f,
RiseUpFdn LetsPlayPreK,
RiseUpFdn Maestraferna1,
RiseUpFdn nplace1,
RiseUpFdn Jedimama2,
RiseUpFdn iteachspedK5,
RiseUpFdn Mrs_RitzesPreK,
RiseUpFdn rileylibrary,
RiseUpFdn ihadztotweet,
RiseUpFdn busymom_74,
RiseUpFdn Yliliana21,
RiseUpFdn MaestraFowler,
fionama melissajoifox,
melissajoifox Kimberly4Tustin,
melissajoifox dbgoudie,
ChrisPDyer peopleG2,
peopleG2 peopleG2,
TheSportsGear_ Benchise,
daybird77 City_of_Irvine,
leslieau7 MiningDeal,
RunnerSunshiny BuddyPrinceton,
shesoKAYotic LauraAGaffney,
NailaSiddiquik ai_in_medicine,
ai_in_medicine FibroFlutters,
ai_in_medicine KI_in_med,
Chops_Top_Fives sulaviedilejo,
meta4ia shanevadnais,
Rossmacdonald1 MiguelICarlos,
MiguelICarlos MCCapitalV,
MiguelICarlos MiguelICarlos,
elitedevgroup InclusionUci,
carln_carl TaylorB16445829,
TaylorB16445829 expan09,
TaylorB16445829 Schlegel335,
TaylorB16445829 LennyMitch412,
TaylorB16445829 TheBull_Stocks,
TaylorB16445829 MyzStreet,
TaylorB16445829 MikeTullis5,
TaylorB16445829 slicky83924421,
Kanes_Inferno Chance6Studios,
Chance6Studios imstevenna,
NoMoreElitists IvanOsix,
JanFrye SquireJames,
SquireJames EMIBORINGYOU,
SquireJames godless2020,
SquireJames weshouldallcare,
SquireJames JerseyKidPicks,
SquireJames edgar_eduarte,
SquireJames suznu,
SquireJames HOOPSnix,
SquireJames monstro_fan,
SquireJames FBattels,
SquireJames bazookajoet,
SquireJames Jmontel99,
SquireJames DeplorableMi17,
SquireJames Gregory__Adams,
SquireJames yung817lo,
SquireJames SorinaDurante,
SquireJames trinketchase,
SquireJames Angie74720660,
SquireJames beaglebabe48,
SquireJames betty_rindal,
SquireJames UGHExpressions,
SquireJames gonshorowski,
SquireJames contentguru69,
SquireJames Eagleriver4J,
SquireJames Sheindie,
SquireJames pedsscrub,
SquireJames TradingInCB1,
SquireJames Wewoka3,
SquireJames herewegokids7,
SquireJames Avaguesenseofun,
SquireJames AWKathy11,
SquireJames vearleavni,
SquireJames enlightnup,
SquireJames radar210,
SquireJames sharbycreek,
SquireJames MDYankeefan1,
SquireJames JoPhinney2,
SquireJames NovemberMatters,
SquireJames AmandaE02423971,
SquireJames Missy_Kidd,
SquireJames BooyahBoyz,
SquireJames unitedintreble,
MCCapitalV MCCapitalV,
angieRirvin CureArthritis,
CureArthritis JanellBubb,
CureArthritis Blackswan725,
CureArthritis PsAMermaid,
CureArthritis Amyfromthe256,
CureArthritis KelseyHCollins,
_SeanBock MollyNoori,
RichardGuerry cybercivics,
Willi_H2O NoSpunZone,
ShareOurSelves familydocwonk,
ReeseSup auditboard,
auditboard gdprAI,
americameditate DrZeine,
claezza LakeForestCA,
LakeForestCA vivacityconsult,
LakeForestCA shopanddineLF,
unitedwayoc WISEPlace,
CSUDHNSO DominguezHills,
DominguezHills ASICSUDH,
DominguezHills csudhteddytoro,
DominguezHills majackmon,
DominguezHills chuybaca,
DominguezHills Toni_Molle,
DominguezHills calstate,
DominguezHills CSUDHExRel,
DominguezHills theekbradshaw,
DominguezHills yDominguezHills,
DominguezHills esmeralina3,
DominguezHills CSUDHCalFresh,
DominguezHills adaycsu,
DominguezHills sea_science_sam,
AS_Twitty Sustain_Center,
Sustain_Center sustainCSUF,
Sustain_Center thedailytitan,
Sustain_Center Sustain_Center,
Sustain_Center ezavalacevez,
kellydaawn nofokeil,
Queen2Lion DidacticPolls,
LACountyDHR SupJaniceHahn,
SupJaniceHahn qniteowl,
SupJaniceHahn socalifrose,
SupJaniceHahn hennylion,
SupJaniceHahn LACountyBOS,
SupJaniceHahn CoachDenele,
theechoafter eliarnoldvox,
LBEconDev LongBeachMayor,
LBEconDev LongBeachCity,
LongBeachMayor bames_jrolin,
LongBeachMayor ccald1014,
LongBeachMayor EvaMa02543471,
LongBeachMayor LongBeachCity,
LongBeachMayor jennpruitt3,
LongBeachMayor LBSchools,
LongBeachMayor longbeachbobby,
LongBeachMayor Alma_LBC,
LongBeachMayor RaCuevas,
LongBeachMayor ReynoldsDoGood,
LongBeachMayor TimMajka,
LongBeachMayor LawleyWindy,
LongBeachMayor kathrynwith5,
LongBeachMayor trigonis30,
LongBeachMayor mstaylorboone,
LarryDicke Rendon63rd,
Rendon63rd svonkin,
Rendon63rd CYDBlackCaucus,
Rendon63rd sreyes_h2o,
Rendon63rd boconnor47,
Rendon63rd JeromePandell,
Rendon63rd SusanBonilla17,
Rendon63rd AdamGrayCA,
Rendon63rd ieeiusa,
Rendon63rd Legalwarrior,
Rendon63rd 1nicolerice,
Rendon63rd IrishLaborer,
Rendon63rd ktalbotnews,
Rendon63rd KevinLiao_,
Rendon63rd jasonsisney,
Rendon63rd JimCrandell,
Rendon63rd FOX40,
Rendon63rd AmyFox40,
Rendon63rd NikkiLaurenzo,
Rendon63rd clarklee,
Rendon63rd Frank89c,
feralartist AntechLab,
AntechLab elhadjbah91,
Haristyd MasimoInnovates,
MasimoInnovates triciarhunter,
MasimoInnovates TriHardRon,
MasimoInnovates UCFGonzo,
MasimoInnovates JoeKiani,
MasimoInnovates pimazb,
MasimoInnovates mbecker712,
MasimoInnovates alfonsodelave15,
cynde_soto BHCLongBeach,
BHCLongBeach lunchable_nate,
BHCLongBeach SanctuaryLB,
BHCLongBeach jaisuazo,
BHCLongBeach juanalacvbana,
BHCLongBeach MoveLBForward,
BHCLongBeach lb_cdn,
DetroittoAccra sugar_bird,
BIueSpy BoB2Trader,
TechnoJeder RyanLahti,
realMilMachetes alexiskep,
medelita JoeFrancisco10,
MarkTho33412679 MichaelvanMind,
MichaelvanMind Andronicus50,
MichaelvanMind niyah61412181,
MichaelvanMind ltanner70,
Kenversations City_of_Anaheim,
Kenversations bmacdonald,
City_of_Anaheim barkflight,
City_of_Anaheim Snickelfritz202,
City_of_Anaheim CarlaRo12927133,
City_of_Anaheim JeannemattP,
City_of_Anaheim Psoto_23,
City_of_Anaheim RamosIvaan,
City_of_Anaheim ReignMafia83,
City_of_Anaheim AnaheimChamber,
City_of_Anaheim redxaguilar,
City_of_Anaheim ANADucksboy88,
City_of_Anaheim jrivera_21,
City_of_Anaheim veyonslaaay,
City_of_Anaheim colinscrumley,
City_of_Anaheim poshreb714,
emilyfresno DaveMinCA,
DaveMinCA snaheedy,
DaveMinCA erininOC,
DaveMinCA tonyturnertn,
DaveMinCA thespinaltapper,
DaveMinCA HonkerTheSkunk,
MrBoomBortree TerryCoder1,
TerryCoder1 joshpct,
TerryCoder1 pan62558316,
BillDodgeAuto Hyundai,
Hyundai BDHyundai,
Hyundai MehmetO33440789,
Hyundai Train816,
patriot7842 DocAmen,
DocAmen nimcevic,
DocAmen cookuntiltender,
DocAmen christopherk222,
DocAmen JessicaAtilola,
BillRussellHIT ThisWeekinHIT,
ThisWeekinHIT healthpodnet,
ThisWeekinHIT healthcaretechg,
ThisWeekinHIT thepuchiherald,
ThisWeekinHIT threatinsight,
AwakenWholeness RebuildSoCal,
BorealWine BrianaOsborn13,
LongBeachCity LBCityAuditor,
LongBeachCity TheCCLB,
LBSchools MrsLongBeachLB,
LBSchools cgomez61D,
LBSchools shopgirlatsando,
LBSchools senorhdz,
LBSchools SBStitching,
LBSchools myrnasword17,
LBSchools LeonerPerez,
LBSchools LBSchoolsTV,
LBSchools megankerr,
LBSchools SteinbergJinky,
LBSchools AcademyPowell,
longbeachbobby LBCityCollege,
StormMedicine OneVeteranVoice,
mvhacking FWMission,
FWMission laurenbabb17,
FWMission Live2shop,
YvHall iHeartDogscom,
iHeartDogscom doart3616,
YYChien1 genetexinc,
genetexinc LabclinicsSA,
EnergyreferralX Edison_Energy,
Edison_Energy johnSNOWMTAINER,
WomenPatriots20 GregRaths,
GregRaths drofdem,
GregRaths Bella29Rob,
GregRaths CraigBChapman,
GregRaths PeacemakerRoars,
GregRaths Closer1775,
GregRaths MirandaSalcido1,
GregRaths Rosemar06585176,
GregRaths IrmaBel53130008,
GregRaths Aldrpeg4,
GregRaths AumoneMaison,
APWAGovAffairs ai_magazine,
ai_magazine mspearma,
ai_magazine APWATWEETS,
chakathemighty LB_Meditation,
steveshep31 GoKareo,
GoKareo Dan_Rodrigues,
wadhwasc IndiaHX1,
nicoledmolina CaHardDance,
yodaquoter skiquik1,
mariaevans ModernTimesLB,
ancydana toozurnt,
toozurnt perla_flores_pf,
toozurnt ghostliegh,
toozurnt ariana_papi,
toozurnt HeyMrKarma,
toozurnt mayrapollo4,
toozurnt k0nnichiwaneko,
toozurnt youarelovely95,
toozurnt ncityquin,
toozurnt lilyyxm,
toozurnt sydneyrfrank,
toozurnt DrewTosch,
toozurnt Shes_RuRuu,
toozurnt KaitlynMelgoza,
toozurnt knuckifyoubuckb,
toozurnt sol_pythonissam,
toozurnt rejuvenatedcat,
toozurnt DanteSignorelli,
toozurnt caite_coal,
toozurnt blinkotwinko,
toozurnt MissObtas,
toozurnt claudiat1997,
toozurnt kieleevans,
toozurnt Rayperez88,
toozurnt Iridescent_Rose,
toozurnt AB_Owl,
toozurnt SophieStarshine,
toozurnt reneeweeenie,
toozurnt curlytoplex,
toozurnt ayemevo,
toozurnt ayelookitsBRADY,
toozurnt maniawentz,
toozurnt jheiny_doeyy,
toozurnt iqranoor1D,
toozurnt KNOWASONG,
toozurnt laylay123123,
toozurnt rowzee_b,
toozurnt livdelro10,
toozurnt NostalgicVinyls,
toozurnt atrocioous,
toozurnt Aestheticbangt4,
toozurnt ElfGrove,
toozurnt PhoenixArielle,
toozurnt brown_enchilada,
toozurnt bmorrisseyxo,
toozurnt jennperez828,
toozurnt wild_flowerbaby,
toozurnt Mighterbump,
toozurnt dudeitsrosie_,
toozurnt kylaakakess,
toozurnt DALIZZZL,
toozurnt melonpuerto,
toozurnt dani_miyerah98,
toozurnt janinearratia,
toozurnt THEEBrittney,
toozurnt xoxo_ayleenn,
toozurnt Chon_95,
toozurnt kate_zendejas,
toozurnt azhanique__,
toozurnt josepalma127,
toozurnt coolcatcaro,
toozurnt dumbomato,
toozurnt Ninjanyiah16,
toozurnt Xo_Jenzziee_,
toozurnt catbroooks,
toozurnt maexrene,
toozurnt mistyhennelly,
toozurnt meilaniyatco,
toozurnt briannugh14,
toozurnt ohmymonteen,
toozurnt _LXVIII,
toozurnt msangiesegura,
toozurnt S__Clough,
toozurnt jackie_r08,
toozurnt ngleon95,
toozurnt swanfaery,
toozurnt teabyrosie,
toozurnt ewwitsirina,
toozurnt inmanlauren,
toozurnt victorheras352,
toozurnt _abigail_irene_,
toozurnt VILNILLA,
toozurnt EARBlSCUlTS,
toozurnt ohhhh_nicole,
toozurnt sh0vonn,
toozurnt braxtynn_,
toozurnt nyacosmet,
toozurnt SeanMatsukawa,
toozurnt sarahmccanny,
toozurnt Jaaaadeeee18,
toozurnt OGstussyington,
toozurnt McDaPiCk,
toozurnt shamsa_samiya,
toozurnt sarynaaa_,
toozurnt browneyedhoneyy,
toozurnt rinnieie,
toozurnt AcaciaEgo,
toozurnt cafedekoya,
toozurnt yeampp,
toozurnt umnayadevushka,
toozurnt FixxieeYeshh,
toozurnt Goon_Donovan23,
toozurnt viaxshine_,
toozurnt jjlejetpain,
toozurnt astroreefer,
toozurnt Luv_yuhz,
toozurnt taylorjeanexox,
toozurnt TwoHispanic,
toozurnt tbabii142,
toozurnt karlitazway_,
toozurnt justlynes,
toozurnt r_stefany25,
toozurnt curlyyonce,
toozurnt samnoefab,
toozurnt _elizettg,
toozurnt toriansharri,
toozurnt CadiaAlexander,
toozurnt XOXO_Yeni,
toozurnt xsimplyruby,
toozurnt Dy_Lejoi,
toozurnt meraizzlee,
toozurnt danaaeelaishaa,
toozurnt juliololololol,
toozurnt KevenG310,
toozurnt ator2403,
toozurnt jaackkayy,
toozurnt giselxromero,
toozurnt simplet0nnn,
toozurnt ashlexlameass,
toozurnt axgelaa,
toozurnt jazmyne_17,
toozurnt eroj7,
toozurnt mo_xuanyun,
toozurnt ashhh_leeey_,
toozurnt myia_papayaaa,
toozurnt Laniii_valencia,
toozurnt celestiall18,
toozurnt bexxalo,
toozurnt capracity,
toozurnt angelicaalexis_,
toozurnt deanjoys,
toozurnt __Cinnabunns,
toozurnt garcia_dessire,
toozurnt h2henderson,
toozurnt DestinyFletch13,
toozurnt savannah_frenes,
toozurnt WichotheArtist,
toozurnt ryuusea_,
toozurnt FknCrls,
toozurnt imanikirksy,
toozurnt elysemariev,
toozurnt perfectpree,
toozurnt keywilliamss,
toozurnt brendiittaaaa,
toozurnt ssimosa_,
toozurnt hannah_peskoff5,
toozurnt jorge_huertao,
toozurnt rebe_duraan,
toozurnt gaymomm,
toozurnt awwdawg,
toozurnt Ya_sammm,
toozurnt EL_DUCkYZ,
toozurnt sunflowersugarx,
toozurnt __oatmilk,
toozurnt babymaebee,
toozurnt _osnapitzjess,
toozurnt desslyy_,
toozurnt bbydiosaa,
toozurnt TheLifeOfMich_,
toozurnt cheesymacaroni_,
toozurnt camacho_248,
toozurnt amayrannni,
majackmon PresConoley,
PresConoley Toni_Molle,
PresConoley calstate,
PresConoley CSULB,
amonferrymd HerbertEidt,
HerbertEidt TweetsOrtho,
zhynaryll MichelleSteelCA,
MichelleSteelCA drofdem,
MichelleSteelCA cschans61,
MichelleSteelCA GoldnemovesGold,
MichelleSteelCA Skiiryne,
MichelleSteelCA StormChasser16,
622pm 622pm,
622pm POLILLITAM,
622pm cjfleischman,
622pm Ndwbb12,
622pm LindstromCheryl,
unishopit Worldlinkintegr,
RoseParkLB MaryZendejasLB,
RoseParkLB LongBeachFresh,
dbwrite4u WrazelInc,
ToniRagusa katieporteroc,
katieporteroc MikePhilbrick2,
katieporteroc CharlieInUtah,
katieporteroc CharlesPumilia,
katieporteroc Stone1ML,
katieporteroc 1jasliz,
katieporteroc AnnieMartin5353,
katieporteroc BradStarks,
katieporteroc Kane007,
katieporteroc zannerina,
katieporteroc frankie5563,
katieporteroc AaarUci,
katieporteroc genevieveisgg,
katieporteroc StacyBierlein,
katieporteroc DeidreFolkman,
katieporteroc HearMeRoar53881,
katieporteroc LTSwrite,
katieporteroc halest793,
katieporteroc JNicole1979,
katieporteroc diamondnill1,
katieporteroc kerrterrpg,
katieporteroc WeTheSisters,
katieporteroc LolaGLR,
katieporteroc bjack417,
katieporteroc kellyswanholm,
katieporteroc annmorse101,
katieporteroc BBrynteson,
katieporteroc tessady,
katieporteroc lynnmarks,
katieporteroc NoraWD,
katieporteroc phyllis20,
katieporteroc CindyAcuff,
katieporteroc lebibyc,
katieporteroc perrymeade,
katieporteroc sempercuriosa,
katieporteroc LoveForAll24,
katieporteroc DanielRossSala1,
katieporteroc pscrip,
katieporteroc MrFrankV,
katieporteroc mattfromCal1,
katieporteroc aIysawang,
katieporteroc Gilly79413339,
katieporteroc mlmetz5612,
katieporteroc Cali4niaCarolyn,
katieporteroc mlighty60,
katieporteroc earthmother634,
katieporteroc posybunny,
katieporteroc VickySchulte6,
katieporteroc GlambertInKY,
katieporteroc Lepidolite19,
katieporteroc lilxicanita,
katieporteroc Motherjones38,
katieporteroc nickdean707,
katieporteroc two_sixty_three,
katieporteroc ForwardAgenda,
katieporteroc plzhelpmypony,
katieporteroc mchastang84,
katieporteroc flybone_robin,
katieporteroc Monkeys2Fly,
katieporteroc pfb360,
katieporteroc AdamExler,
katieporteroc degodolly,
katieporteroc richiedg,
katieporteroc RuekaA,
katieporteroc CAO916,
katieporteroc dolphinman47,
VeganBot1 truth_smiley,
blackrasberry1 Ryan0666,
_timosardo GallinaLogan,
GallinaLogan Marquez__12,
facemaskmakers cotton_up,
facemaskmakers lifestylecycles,
HumanEcology dstokols,
dstokols NatalieReguis,
dstokols jbprime,
UCIIllumination UCIHumanities,
UCIHumanities UCIEnglish,
UCIHumanities ljmu_ceres,
UCIHumanities 4Olrc,
UCIHumanities UCIPat,
UCIHumanities jwassers,
UCIHumanities markwarschauer,
UCIHumanities gillianrhayes,
UCIHumanities ErikaHayasaki,
UCIHumanities amandajswain,
UCIHumanities MillerTyrus,
ChicaRocky23 alteryx,
alteryx emilyadamsbell1,
alteryx _bartp,
alteryx Willisworldwide,
alteryx subodha0,
lleeeslie _caatthhyyy_,
_caatthhyyy_ oscar_1205_,
ProfessorEHann SabrinaKSanders,
SabrinaKSanders hlenglishjr,
safeandsilent bmacdonald,
bmacdonald drdisneyland,
bmacdonald SimonOrtiz9,
bmacdonald LombardLoyLand,
bmacdonald LaurasMiscMovie,
bmacdonald blockheadjorge,
bmacdonald OrangeGrove55,
bmacdonald TweetGavin,
bmacdonald Blooloop,
LBCommunityFdn preciouslamb_lb,
OCREAL_ESTATE City_of_Irvine,
City_of_Irvine ocgreatpark,
City_of_Irvine MelissaNorthway,
City_of_Irvine FamiliesForward,
City_of_Irvine KatnipEvrgreen,
City_of_Irvine EmmietheKraken,
City_of_Irvine T2LA1USA,
City_of_Irvine msmichellemar,
City_of_Irvine SmellyDogsMom,
City_of_Irvine Jin13639949,
City_of_Irvine UCIPubAffairs,
City_of_Irvine kunimi65048763,
City_of_Irvine OCRunner,
City_of_Irvine AngelicaDanaa,
City_of_Irvine IrvinePolice,
UCIrvine UCIPubAffairs,
onlyc_bass5 SignalTribune,
HarryEllisIII coastpneumatics,
coastpneumatics everburningfire,
iMonicaGarrett margaux_agency,
EliMeye TrevorGriffey,
TrevorGriffey ProfPeterCole,
TrevorGriffey DavidpStein,
TrevorGriffey MollyTalcott,
TrevorGriffey balti_less,
TrevorGriffey UCAFT_UCLA,
TrevorGriffey daniyure,
TrevorGriffey SmTcontingent,
TrevorGriffey bulat666,
TrevorGriffey professor_berry,
TrevorGriffey annebailey63,
TrevorGriffey dmnd_the_mpssbl,
AhriForJustice ILoveGayOC,
ILoveGayOC IHeartQPOC,
ILoveGayOC ILoveGayLB,
ILoveGayOC Franchising247,
MonarchForCNP imlauraramos,
MaryZendejasLB andrewkerr,
MaryZendejasLB TrusteeNtuk,
JoshNic20148687 nTaskManager,
raf_alam IAMIRONMAN7,
IAMIRONMAN7 COSseaton,
IAMIRONMAN7 Ivytheartist1,
IAMIRONMAN7 urbantreasure,
MSW_Advocate MSWdulce,
MSWdulce advocatekat,
SanctuaryLB newkillastar,
jaisuazo EpiHoodScholar,
jaisuazo lb_cdn,
francisco_apino EveGarrow,
EveGarrow RadioJusticeLA,
EveGarrow DavidLoySD,
EveGarrow juliesbooks,
EveGarrow elviameza,
EveGarrow ACLU_SoCal,
Ridge2Reef DavidBanuelas,
FranceslkTn dpwatchdog,
dpwatchdog SrAgatha2,
YaneAUSA spfarrelltweets,
CrawfordBelchim WesternGrowers,
WesternGrowers AmericanGrownTV,
WesternGrowers publicitytwit,
WesternGrowers SupervisorAlejo,
WesternGrowers CitrusUpdate,
WesternGrowers pammarrone,
WesternGrowers TecAGRInews,
WesternGrowers food_renovator,
WesternGrowers delihant,
WesternGrowers wcismag,
WesternGrowers ToddFitchette,
WesternGrowers StateCWA,
WesternGrowers connie_fisk,
WesternGrowers wg_cit,
WesternGrowers Dave_Puglia,
WesternGrowers CCImarketing,
WesternGrowers _Novihum_,
WesternGrowers mygroguru,
WesternGrowers SusanLeaman1,
crzeladi FullertonRag,
FullertonRag votecastaneda,
PFA_network PFCCpartners,
PFA_network USGRADEnet,
World__Talk resultsregroup,
chidambara09 Bitvore,
Bitvore greentechdon,
Bitvore IndustryAi,
nishantdewan CWDebtRelief,
AmerGeriatrics ArchstoneFdn,
ArchstoneFdn AlexSmithMD,
hubofml ottotimmons,
ottotimmons jonaslaeben,
ottotimmons precisionalpha,
ottotimmons NanaPanther248,
ottotimmons AIBizDir,
KINGSAHD longbeachgriffy,
longbeachgriffy darrankm,
SnapperDap DerekSaysix,
aashima77 SmartEnergyW,
SmartEnergyW DeepakGargUSA,
SmartEnergyW ParidhiSlasher,
wesley_verla RalphVClayman,
RalphVClayman rahuljanaksinha,
RalphVClayman UroAlsyouf,
RalphVClayman lesdeane,
Ricocipre1989 multiplewalt,
its_Modibbo MoranElderLaw,
MoranElderLaw AnasJumare,
votecastaneda samjammal,
AConservLiberal opsirc3,
rahuljanaksinha jaimelandmanuci,
nananey sbridgesesq,
tooshylurker pun_champ,
pun_champ flowerpower3234,
FVerduzco98 bigpoemfer,
Paco_Alarcon davidlmobley,
jesusman_22 kimlippue,
kimlippue JackConroy3906,
kimlippue winkyXfrown,
kimlippue dan_377,
kimlippue CSRKait,
kimlippue ish10040,
kimlippue regEreg,
kimlippue chloebillings_,
USCKurtis SessionSync,
AlexFischCC ConservativeJQP,
ConservativeJQP geegeebythesea,
ConservativeJQP snarkytoes,
SolShock LongBeachFresh,
LongBeachFresh FoodFindersLBC,
maniseku geralynnk,
geralynnk 1eskyman,
geralynnk peppermint_patt,
geralynnk MabileJanice,
geralynnk tudahl55,
alejgmz94 LongBeachGives,
LongBeachGives indeedemma,
LongBeachGives midwesttgs,
RevsReels realrevwindham,
realrevwindham OpenDoorOC,
krisvincil LCPtracker,
GinaMaguirePrez StAnthonySAINTS,
StAnthonySAINTS PMA_Athletics,
StAnthonySAINTS SAHS20Athletics,
Atticus59914029 TLCDOC,
LiamGalligan5 purposenation,
purposenation FranciscanU,
TheChefSean TheLogNewspaper,
TheLogNewspaper aFishingWebsite,
TheLogNewspaper savefishing,
anthofpolicy LizHannaRubio,
LindaKristine50 LindaKristine50,
NJB_NAYNAY Beaver09327423,
Beaver09327423 thisbearbites,
Beaver09327423 bryant5757,
MarkASchrader ErikaBurkhalte1,
chuckboycejr EricMiyamoto3,
EricMiyamoto3 BakerSonPeekay,
alexsapps Sally8229650811,
alexsapps Animabando,
alexsapps Gaia10280169,
alexsapps MexicoSecuestra,
alexsapps angie_renati,
alexsapps victori18964840,
alexsapps MizGiz,
alexsapps LeviVegan,
alexsapps geraldineiris21,
alexsapps PurpleApePal,
alexsapps PhaedraXTeddy,
_jamesleb tonydaopharmd,
tonydaopharmd hhhhhhh__00,
tonydaopharmd YoutubeJustJeff,
tonydaopharmd cute_cutedog,
tonydaopharmd JonasMavroudis,
MelissaNorthway FamiliesForward,
FamiliesForward anthonykuo,
DeboraDeMAGA DelgadoProtocol,
sdelagrave postsecret,
postsecret JadeRoutson,
postsecret katelaity,
postsecret GaryAlanRoush,
postsecret dtfdtfdtf,
postsecret julieaheaton,
ChelseaB11711 chrisfjw,
professornez professornez,
KathleenGlass KlearSystems,
KlearSystems UserExperienceU,
bhusak LBCityCollege,
LBCityCollege TrusteeNtuk,
LBCityCollege lbccvikings,
LBCityCollege jdo8302,
LBCityCollege counselor_oh,
LBCityCollege ProfessorVitt,
LBCityCollege fradoo88,
LBCityCollege andy_r45,
LBCityCollege DaMatrix13,
LBCityCollege LBCCTraining,
cozycozy16_cozy PosterPosse,
PosterPosse AaronNabus,
PosterPosse CoronaVirusCall,
PosterPosse HallHdotcom,
PosterPosse GeekyNerfherder,
PosterPosse S2lart,
PosterPosse rafbanzuela,
PosterPosse PrintedinBlood,
PosterPosse Saslow_Scott,
PosterPosse derekpayne,
PosterPosse DRandallArt,
PosterPosse bturnerinfo,
PosterPosse _jamesx3,
AtiqaKedrani Dr_NabilAdnani,
Dr_NabilAdnani LamineZellag,
Dr_NabilAdnani Lyndakheyar,
Dr_NabilAdnani Kahination,
jesselake cynergypros,
alibra4_cathy cathyfwilson2,
cathyfwilson2 chattycat1966,
boysek MillerGeer,
MillerGeer MAhealthforkids,
MillerGeer dr_shaps,
MoneyWithMurphy goldmansachspfm,
meanmagisterp JeremyShermak,
mirinblue Southsierradude,
Envirominer3 DanKomaromi,
doubledeelite7 NorwalkLASD,
graciablauw AmericaVotesUS,
AmericaVotesUS mikerestorer,
AmericaVotesUS RobbersonJon,
AmericaVotesUS namawlane,
AmericaVotesUS REDsLegacy2,
AmericaVotesUS BarbaraBtperry,
AmericaVotesUS tonya_broam,
AmericaVotesUS AmericaVotesUS,
iotworlds KVoge71,
Anonymus_Chile socal_bryan,
socal_bryan debralogan2000,
socal_bryan FiyaSturm,
socal_bryan spikezezel2,
socal_bryan RabbitTullman,
socal_bryan denisecahir,
socal_bryan Nicole838174522,
socal_bryan hariseldon1fe,
socal_bryan RHLiberal,
socal_bryan socal_bryan,
socal_bryan travelingranger,
socal_bryan RallyingRVA,
XH487 APEXjon,
APEXjon Skymasterfunk,
grants4usa LeslieAMSmith,
LeslieAMSmith McCormickLA_PR,
ebeno22 StJosephOrange,
StJosephOrange JamesChisum,
StJosephOrange LauraWaldenCR,
KappaTalks HorizonTechLLC,
chrisfollowsart MsKellyBennett,
GaladrielleH ryanfoland,
ryanfoland WomensInspireIE,
ryanfoland Tweetinggoddess,
JasonRhode Campus_Tech,
horny_indoorboi reply_guy_69,
drnicolaecrisan jaimelandmanuci,
jaimelandmanuci ack12,
jaimelandmanuci davidmartinson,
jaimelandmanuci lift_uciurology,
jaimelandmanuci montypal,
RossmoorCSD RossmoorCSD,
Sidhanth_Naidu SunWestMortgage,
JannetteAvila BeckmanDx,
BeckmanDx KarenHennen,
BeckmanDx Dakar61,
BeckmanDx mayuru,
BeckmanDx GPitollat,
BeckmanDx jmoe1057,
drb4eva ShirinAnsar,
EliteOzzy AllanCooper,
Twinsfan811 HumanChain5,
Colleenlovesbks lessalibrarian,
lessalibrarian okay3310,
lessalibrarian catladylib,
lessalibrarian juliereneemoore,
lessalibrarian lsnsweet16,
lessalibrarian tisaybrarian,
lessalibrarian SusPup,
lessalibrarian tinamarievella,
lessalibrarian itsuhLEEsuh,
lessalibrarian LitOfficer,
lessalibrarian Cynthinee,
lessalibrarian jakeogh,
lessalibrarian BriTastic2012,
lessalibrarian patoney,
lessalibrarian LibraryPolicy,
lessalibrarian OscarRLanza,
lessalibrarian WestLibSys,
lessalibrarian crsdrw,
lessalibrarian bigDez_63,
lessalibrarian LWRC,
lessalibrarian olevia,
lessalibrarian elwags,
lessalibrarian ALALibrary,
neil_sahota neil_sahota,
neil_sahota planethomeevent,
neil_sahota GravitySpeakers,
neil_sahota RobotConsumer,
drpercy samjammal,
samjammal lolagirl2007,
samjammal tedmills,
samjammal cookiesinheaven,
samjammal 14_flippn_seats,
trmiller13 scharnell,
scharnell jordanhmckee,
newtrickstacos SaundraLee,
WinWithMalliard SoulShepherding,
Frees_2018 newportbeachgov,
newportbeachgov newportchamber,
newportbeachgov JZolnikov,
newportbeachgov okayeiriksson,
newportbeachgov DavidMHuntsman,
newportbeachgov ONeill4Newport,
Com4Pro BPDMERCH,
DrStager DrEricBall,
DrEricBall SDBAILBONDWOMAN,
DrEricBall AimeeMoulin1,
DrEricBall CMAdocs,
DrEricBall RyanRLion,
DrEricBall AleciaHallRN,
DrEricBall jesskeimmalpass,
DrEricBall LisaCostelloWV,
DrEricBall _MKathryn,
LeannaLongBeach lb_cdn,
lb_cdn raviahmad,
lb_cdn BernieBuddy16,
lb_cdn LBIRC562,
lb_cdn soygabyh,
lb_cdn SoapBoxinCA,
lb_cdn DSALongBeach,
amansingha HOTBSoftware,
DavenportConni govtinextremis,
govtinextremis Sacredwatercamp,
SeniorsCaregiv1 CanabisCloset,
artemis0801 ReasonableOpin1,
AbdulSamara shaunpat1,
shaunpat1 djschuett,
BNUEric UCIEnglish,
UCIEnglish DrJeffreyWilson,
UCIEnglish ErikaHayasaki,
UCIEnglish MillerTyrus,
UCIEnglish taylorweik,
WorkCompCentral Adelson_McLean,
TheMeowU hitchedmedia,
HarrisStuart_LA csuf,
csuf Woaah_Caat,
csuf iortiz254,
csuf jayce2fast,
csuf crystalbibi_14,
csuf CallmeMahi9999,
csuf Maririaah,
csuf Tuffy_The_Titan,
csuf morenaa__98,
csuf KatieSavant,
csuf ElizabethMonto,
csuf _cgilly,
csuf tgi_Jacob127,
csuf johana95,
csuf ellainmaee,
csuf DrOseguera,
csuf JinalSh91320289,
csuf CSUFGeology,
csuf sea_science_sam,
csuf csufcnsm,
csuf adamgolub,
csuf Sp2020BioAnth,
csuf kthygld,
csuf csufpd,
csuf CSUFPTS,
csuf OldMacDonald,
iamjuliet___ LakerGangDay,
LakerGangDay MrBYourTeacher,
LakerGangDay DatNumbaPhive,
LakerGangDay BStanlionnayy,
LakerGangDay vinnydanegro,
LakerGangDay ComplicateDove,
LakerGangDay Sarcasm24Seven,
LakerGangDay Texas_Savant_2,
LakerGangDay FortunateKidd23,
LakerGangDay Biprell5,
LakerGangDay DropTheeTop,
LakerGangDay AirMax1963,
LakerGangDay K_Brown1996,
LakerGangDay RaideretteQT,
LakerGangDay MusicByDiandra,
LakerGangDay authorjcopeland,
LakerGangDay TheRealPsyclone,
LakerGangDay t_Cray10,
bansalwealth576 WMSLLC01,
thedogtranspor1 HPNutriScan,
thoRoH213outLAw SwisherClippSet,
SseoPUSD PUSD_Science,
PUSD_Science Mandy70397393,
ajmartin1223 josuevizcay,
josuevizcay josuevizcay,
DavidGOchoa SenatorUmberg,
lastpositivist ucisocsci,
ucisocsci SimonDeDeo,
BassRck4 jsph_brsn,
jsph_brsn eckert_mark,
Khalid_Graine MLG_Attorneys,
ChicanosUEdCtte CalMexCenter,
mcwilsonky WordDreams,
WordDreams BetteAStevens,
zebra_mo BIG_SHAWN111,
BIG_SHAWN111 aeeeshaaaa2,
BIG_SHAWN111 leslie_joanna_,
BIG_SHAWN111 Baby_DeeznutZ,
sevenfiftyfive1 EricDavis215,
PhdUci Brian23056260,
Brian23056260 bat_biomes,
Sue2BlueSky Sue2BlueSky,
Ann_McMullan JulieEvans_PT,
andander1 netreo,
netreo k_biniasz,
codervj ransomthoughts,
UCIPubAffairs jocelinocuw,
UCIPubAffairs gillianrhayes,
UCIPubAffairs theamandahughes,
artist35 PatriciaEagle,
PatriciaEagle PatriciaEagle,
redeemedwife1 da_horton,
da_horton nrussell87,
da_horton ShaMirpuri,
da_horton EliGarza5,
da_horton mrwyomingmi,
da_horton Noble_Avocado,
VijayBankar Ethoshcs,
FMIGS1 AAGL,
AAGL GyneClub,
AAGL lgobrito,
AAGL grace_cme_aagl,
Ezra1618 rmazor,
VT_Gemini C_none99,
C_none99 ProFromWithin,
AVBrandy MadSystemsInc,
MadSystemsInc jessieclee,
TheCCLB CalRecycle,
HBGhostCrypt HBGhostCrypt,
mattweimer14 TheColtranekid,
TheColtranekid hailpdr,
TheColtranekid mantei4,
TheColtranekid sand75b,
melissadataGmbH melissadata,
melissadata aaquil87,
CoatesMedEd MprizzleER,
Sollyfine tgilbt,
tgilbt FEFE72,
suzannechowla mindyguilford,
mindyguilford KarlMuud,
ndyjsimpson dannysullivan,
dannysullivan LondonGirlinDC,
quiet_tranquil Bibles4America,
JeffFisherMedia dockoutures,
dockoutures HSFBamerica,
IanKnowlson ValiNourishad,
BigDonTee StewartGandolf,
Sabrinaaxoxxo social_savannah,
718GT4 csubagio,
pierrecot socalpunks,
sherrymain gi_uci,
MontezCzar maxairsystems,
KRClive curtusdfetters,
curtusdfetters MrBradChase,
curtusdfetters Barb_Romano,
abhi_khandu cwiebe66,
BotRedian OCWomensHealth,
PCGSurfCity SenatorMoorlach,
SenatorMoorlach granitewinger,
SenatorMoorlach teammoorlach,
SenatorMoorlach SOCALMEDIAPROS,
SenatorMoorlach FlashReport,
ccleague marisaperez_16,
marisaperez_16 saragoldrickrab,
RobertGarciaLB Justinscake,
RobertGarciaLB lnfernandez2013,
RobertGarciaLB _FritoLai,
RobertGarciaLB teachersarah21,
RobertGarciaLB trott1073,
RobertGarciaLB artofuprising,
_SarahLai Teena_LaRo,
Barbara66066169 MarkVHansen,
eliteshowerpans biaoc,
LBCertNaples LBFD,
MossyWill66 patrick_layton,
othesharon RepGilCisneros,
RepGilCisneros persnicketyweas,
RepGilCisneros beachgirl_karen,
sashafeld benyaminchao,
lightupthelove SPINOC,
SPINOC allisonoster,
UCICove RichardSudek,
JesuTenoh nisumtech,
MrsBeardenCVUSD MrSteinhauser,
MrSteinhauser SpedCurrLBUSD,
jpconnorjr jimmyraysmith,
johnnymags AdamHolisky,
AdamHolisky AdamHolisky,
AdamHolisky JohnRuschmeyer,
AdamHolisky frohman,
AdamHolisky XylariaVG,
thecompleteman4 ProfitableWord,
ProfitableWord bgfrisbie,
ProfitableWord Ombenizo,
ProfitableWord Pabjojot,
shimzyy PaulMBrooks,
awereck lopez_luz12,
MiamiPapers chuckguoesq,
chuckguoesq customcore7,
chuckguoesq jgionova,
6memy redshift3d,
dimitriakaghost Bennett_Living,
Toshi2017phiaro Phiaroinc,
ANHSTealTown CapoUnified,
kirchnergroup AttyChristine,
JiggyJane1 goon_galaxy,
MonicaOBrien331 RepLowenthal,
